fs,time.s,throughput.fps
ext4,1.782462,56.102178
ext4,1.835552,54.479524
ext4,1.847553,54.125646
ext4,1.770549,56.479657
ext4,1.795931,55.681427
