fs,time.s,throughput.fps
ext4,1.768394,56.548484
ext4,1.760076,56.815728
ext4,1.81844,54.992191
ext4,1.814912,55.099090
ext4,1.769855,56.501804
