fs,  size.MB, time.s, throughput.fps
ext4,12,1.738514,57.520
ext4,13,1.735393,57.624
ext4,14,1.734791,57.644
ext4,15,1.743546,57.354
ext4,16,1.734686,57.647
ext4,17,1.767633,56.573
ext4,18,1.758643,56.862
ext4,19,1.732447,57.722
ext4,20,1.772026,56.433
ext4,21,1.74135,57.427
ext4,22,1.734296,57.660
ext4,23,1.740699,57.448
ext4,24,1.762759,56.729
ext4,25,1.749682,57.153
ext4,26,1.773363,56.390
