fs,  size.MB, time.s, throughput.fps
ext4,12,1.723003,58.038204
ext4,13,1.781761,56.124250
ext4,14,1.747949,57.209907
ext4,15,1.782986,56.085690
ext4,16,1.846433,54.158477
ext4,17,1.74473,57.315459
ext4,18,1.871211,53.441328
ext4,19,1.820146,54.940648
ext4,20,1.722016,58.071470
ext4,21,1.832583,54.567788
ext4,22,1.726171,57.931688
ext4,23,1.724124,58.000469
ext4,24,1.717374,58.228435
ext4,25,1.779566,56.193476
ext4,26,1.744462,57.324264
