fs, time.s, throughput.ops
ext4, 61.031435, 65.539996
ext4, 61.599169, 64.935941
ext4, 63.079453, 63.412091
ext4, 62.208457, 64.299939
ext4, 64.064475, 62.437100

